battery_id,cycle,ambient_temperature,capacity_Ah,initial_capacity_Ah,SOH_percent
B0005,2,24.0,1.8564874208181574,1.8564874208181574,100.0
B0005,4,24.0,1.846327249719927,1.8564874208181574,99.45272071416714
B0005,6,24.0,1.8353491942234077,1.8564874208181574,98.86138595081705
B0005,8,24.0,1.8352625275821128,1.8564874208181574,98.85671763794173
B0005,10,24.0,1.8346455082120419,1.8564874208181574,98.82348178817772
B0005,12,24.0,1.8356616600675495,1.8564874208181574,98.87821697485944
B0005,14,24.0,1.8351461429226603,1.8564874208181574,98.85044855913476
B0005,16,24.0,1.8257567905665537,1.8564874208181574,98.34468955151549
B0005,18,24.0,1.8247738529891333,1.8564874208181574,98.29174345738105
B0005,20,24.0,1.824613268496936,1.8564874208181574,98.2830935473199
B0005,22,24.0,1.8246195526864504,1.8564874208181574,98.28343204622077
B0005,25,24.0,1.8142019357673917,1.8564874208181574,97.72228539894279
B0005,27,24.0,1.8137521577549054,1.8564874208181574,97.69805803238793
B0005,29,24.0,1.8134404914735822,1.8564874208181574,97.68127007692816
B0005,31,24.0,1.8025980036306504,1.8564874208181574,97.09723768751647
B0005,33,24.0,1.80210690024615,1.8564874208181574,97.07078432300706
B0005,35,24.0,1.802579500826209,1.8564874208181574,97.09624103091467
B0005,37,24.0,1.8030683142834096,1.8564874208181574,97.12257104811376
B0005,39,24.0,1.8027776247196041,1.8564874208181574,97.1069130069902
B0005,42,24.0,1.8470259949329193,1.8564874208181574,99.49035873989017
B0005,46,24.0,1.847417311283644,1.8564874208181574,99.5114370594272
B0005,50,24.0,1.8361774213478947,1.8564874208181574,98.90599854098058
B0005,54,24.0,1.8257807475776242,1.8564874208181574,98.34597999985365
B0005,58,24.0,1.8251136435078368,1.8564874208181574,98.31004632950896
B0005,62,24.0,1.8255815042203762,1.8564874208181574,98.33524772367372
B0005,66,24.0,1.8140311275083907,1.8564874208181574,97.71308478400267
B0005,70,24.0,1.8147691941158939,1.8564874208181574,97.75284086310275
B0005,74,24.0,1.813969388710352,1.8564874208181574,97.70975921350076
B0005,78,24.0,1.802765665167823,1.8564874208181574,97.10626880376819
B0005,82,24.0,1.804077040117352,1.8564874208181574,97.17690623092355
B0005,86,24.0,1.8518025516704486,1.8564874208181574,99.74764875349146
B0005,90,24.0,1.8307038456739428,1.8564874208181574,98.61116348782737
B0005,94,24.0,1.8199041089501267,1.8564874208181574,98.02943389447215
B0005,98,24.0,1.8093079637028517,1.8564874208181574,97.45867078945713
B0005,102,24.0,1.80460990458052,1.8564874208181574,97.20560906279802
B0005,106,24.0,1.7993770651972192,1.8564874208181574,96.92374130950105
B0005,110,24.0,1.7884432335370462,1.8564874208181574,96.33478867036308
B0005,114,24.0,1.7829230484252723,1.8564874208181574,96.03744299218224
B0005,118,24.0,1.7730337158018288,1.8564874208181574,95.50475246530081
B0005,122,24.0,1.773037755078937,1.8564874208181574,95.50497004162602
B0005,126,24.0,1.7678721106662054,1.8564874208181574,95.22672175646096
B0005,130,24.0,1.7623150704093087,1.8564874208181574,94.92739086983165
B0005,134,24.0,1.7676172924938447,1.8564874208181574,95.21299593373234
B0005,136,24.0,1.762668359743147,1.8564874208181574,94.94642085785509
B0005,140,24.0,1.7517304870664143,1.8564874208181574,94.35725054869607
B0005,144,24.0,1.7418496047960008,1.8564874208181574,93.82501520146927
B0005,148,24.0,1.7360913511847138,1.8564874208181574,93.51484592444021
B0005,150,24.0,1.7936240148573608,1.8564874208181574,96.61385230754256
B0005,154,24.0,1.7831890223273275,1.8564874208181574,96.05176972012408
B0005,158,24.0,1.7673642076278957,1.8564874208181574,95.19936347583841
B0005,162,24.0,1.7570177850353066,1.8564874208181574,94.64205172265511
B0005,166,24.0,1.7468706179837907,1.8564874208181574,94.09547290193551
B0005,170,24.0,1.7417172507457144,1.8564874208181574,93.81788592880078
B0005,174,24.0,1.7364225056478186,1.8564874208181574,93.53268361401415
B0005,178,24.0,1.7263217239235826,1.8564874208181574,92.988603346571
B0005,182,24.0,1.7158065389330133,1.8564874208181574,92.42220117908766
B0005,186,24.0,1.710533351135192,1.8564874208181574,92.13816005181208
B0005,190,24.0,1.706014499648521,1.8564874208181574,91.89475137389712
B0005,194,24.0,1.7003110272642588,1.8564874208181574,91.58753289666399
B0005,198,24.0,1.6945798601797895,1.8564874208181574,91.27882263985312
B0005,202,24.0,1.6849029086609286,1.8564874208181574,90.75757205607074
B0005,206,24.0,1.6744741591159717,1.8564874208181574,90.19582574806932
B0005,210,24.0,1.6745692479879102,1.8564874208181574,90.2009477257823
B0005,214,24.0,1.663716375981405,1.8564874208181574,89.6163559916933
B0005,216,24.0,1.659013868748246,1.8564874208181574,89.3630546668135
B0005,220,24.0,1.6538540573335014,1.8564874208181574,89.08512057704355
B0005,224,24.0,1.642653782130131,1.8564874208181574,88.48181591266643
B0005,228,24.0,1.6378578430223698,1.8564874208181574,88.22348186450748
B0005,232,24.0,1.6327350407099108,1.8564874208181574,87.94754127611387
B0005,236,24.0,1.6277528915533617,1.8564874208181574,87.67917699307695
B0005,240,24.0,1.622125485521159,1.8564874208181574,87.37605584239753
B0005,244,24.0,1.6113256603765849,1.8564874208181574,86.79432148624366
B0005,248,24.0,1.6065631397488385,1.8564874208181574,86.53778753000239
B0005,252,24.0,1.6015142233917594,1.8564874208181574,86.26582682073705
B0005,256,24.0,1.590369231400328,1.8564874208181574,85.66549999565574
B0005,260,24.0,1.5857889968242211,1.8564874208181574,85.4187849075412
B0005,264,24.0,1.5849430707374117,1.8564874208181574,85.37321895986369
B0005,266,24.0,1.5955263892495937,1.8564874208181574,85.94329115068511
B0005,270,24.0,1.5747301747801037,1.8564874208181574,84.82309964083233
B0005,274,24.0,1.5649019950937946,1.8564874208181574,84.29370312695895
B0005,278,24.0,1.5597659473370362,1.8564874208181574,84.01704907053151
B0005,282,24.0,1.5594815668184234,1.8564874208181574,84.00173086716403
B0005,286,24.0,1.55468935359061,1.8564874208181574,83.74359751414073
B0005,290,24.0,1.5488741079890418,1.8564874208181574,83.43035835418966
B0005,294,24.0,1.538236598942558,1.8564874208181574,82.85736718133292
B0005,298,24.0,1.527914258251028,1.8564874208181574,82.30135260370756
B0005,302,24.0,1.5285252629756445,1.8564874208181574,82.33426447360578
B0005,306,24.0,1.522647325284378,1.8564874208181574,82.01764839394087
B0005,310,24.0,1.5174859938489869,1.8564874208181574,81.73963242800902
B0005,313,24.0,1.605818899130659,1.8564874208181574,86.49769888680268
B0005,316,24.0,1.5638491446744425,1.8564874208181574,84.23699116610504
B0005,320,24.0,1.5480915247767786,1.8564874208181574,83.38820438085877
B0005,324,24.0,1.5323755631868592,1.8564874208181574,82.54166152720488
B0005,328,24.0,1.5269528268489705,1.8564874208181574,82.24956494324317
B0005,332,24.0,1.5169573017136326,1.8564874208181574,81.71115433925789
B0005,336,24.0,1.5118975960142693,1.8564874208181574,81.43861246029738
B0005,340,24.0,1.5065638960681105,1.8564874208181574,81.1513118362076
B0005,344,24.0,1.5015453526671363,1.8564874208181574,80.88098717121403
B0005,348,24.0,1.4908444050400238,1.8564874208181574,80.30457886878683
B0005,352,24.0,1.485868384561201,1.8564874208181574,80.03654470798278
B0005,356,24.0,1.480413677976106,1.8564874208181574,79.74272604140161
B0005,360,24.0,1.4752095869031632,1.8564874208181574,79.46240682056631
B0005,364,24.0,1.4859035988304024,1.8564874208181574,80.03844153038008
B0005,367,24.0,1.4960918298136696,1.8564874208181574,80.58723226653154
B0005,371,24.0,1.4808005946928984,1.8564874208181574,79.76356737393388
B0005,375,24.0,1.4697543268466824,1.8564874208181574,79.168558341158
B0005,379,24.0,1.4539012274845928,1.8564874208181574,78.31462853887025
B0005,383,24.0,1.4541462067235693,1.8564874208181574,78.32782438583529
B0005,387,24.0,1.455023751906683,1.8564874208181574,78.37509350133121
B0005,391,24.0,1.449042163761236,1.8564874208181574,78.05289427291893
B0005,395,24.0,1.4386709371480566,1.8564874208181574,77.49424644709048
B0005,399,24.0,1.433445432156979,1.8564874208181574,77.21277376203588
B0005,403,24.0,1.4333958900838095,1.8564874208181574,77.21010517012333
B0005,407,24.0,1.42806487344776,1.8564874208181574,76.92294908297353
B0005,411,24.0,1.4229203181741186,1.8564874208181574,76.64583676775116
B0005,415,24.0,1.417429032731308,1.8564874208181574,76.35004777498811
B0005,419,24.0,1.412409228794446,1.8564874208181574,76.07965521102183
B0005,423,24.0,1.412578792940193,1.8564874208181574,76.08878881159706
B0005,427,24.0,1.4075983731469897,1.8564874208181574,75.82051768100095
B0005,431,24.0,1.4333920485221476,1.8564874208181574,77.20989824377314
B0005,433,24.0,1.4382550176792908,1.8564874208181574,77.47184287655712
B0005,437,24.0,1.4173547174485526,1.8564874208181574,76.34604477007024
B0005,441,24.0,1.406981663677643,1.8564874208181574,75.78729852409039
B0005,445,24.0,1.4012037783587625,1.8564874208181574,75.47607178190572
B0005,449,24.0,1.3967008232726328,1.8564874208181574,75.23351936621818
B0005,453,24.0,1.391284788852726,1.8564874208181574,74.94178378216989
B0005,457,24.0,1.3862287677978349,1.8564874208181574,74.66944037718937
B0005,461,24.0,1.3804366761974138,1.8564874208181574,74.35744841131499
B0005,465,24.0,1.3752364150256224,1.8564874208181574,74.07733548873459
B0005,469,24.0,1.3705128024895008,1.8564874208181574,73.82289732324247
B0005,473,24.0,1.3705085566270399,1.8564874208181574,73.8226686191633
B0005,477,24.0,1.3647355108681518,1.8564874208181574,73.51170256067292
B0005,481,24.0,1.375392016895762,1.8564874208181574,74.08571700903981
B0005,483,24.0,1.3861115151535393,1.8564874208181574,74.6631245442362
B0005,485,24.0,1.3698500035838939,1.8564874208181574,73.78719555127383
B0005,489,24.0,1.3647827949260758,1.8564874208181574,73.5142495242232
B0005,493,24.0,1.3543220466259964,1.8564874208181574,72.95077959801873
B0005,497,24.0,1.3546417018378962,1.8564874208181574,72.96799787853683
B0005,501,24.0,1.3547039213192407,1.8564874208181574,72.97134934112401
B0005,505,24.0,1.349314997503458,1.8564874208181574,72.68107407422197
B0005,509,24.0,1.3441891937970554,1.8564874208181574,72.40497181525036
B0005,513,24.0,1.3389913790695755,1.8564874208181574,72.12499067079483
B0005,517,24.0,1.3389145230206971,1.8564874208181574,72.1208508070922
B0005,521,24.0,1.3340066759761655,1.8564874208181574,71.8564888195292
B0005,525,24.0,1.3286444309174914,1.8564874208181574,71.56765060826295
B0005,529,24.0,1.3231708992276219,1.8564874208181574,71.27281792431958
B0005,533,24.0,1.3181691588445197,1.8564874208181574,71.00339835664494
B0005,537,24.0,1.3184664436640334,1.8564874208181574,71.01941165230103
B0005,541,24.0,1.318293040102702,1.8564874208181574,71.01007124097441
B0005,545,24.0,1.323872422244268,1.8564874208181574,71.3106055768929
B0005,548,24.0,1.3601216766554785,1.8564874208181574,73.26317762261326
B0005,552,24.0,1.3395306867947354,1.8564874208181574,72.1540405700353
B0005,556,24.0,1.3290286565120697,1.8564874208181574,71.58834698305493
B0005,560,24.0,1.3236741274998955,1.8564874208181574,71.29992439790138
B0005,564,24.0,1.318633896753293,1.8564874208181574,71.02843154047166
B0005,568,24.0,1.3134751321324272,1.8564874208181574,70.75055383642601
B0005,572,24.0,1.3132020634442203,1.8564874208181574,70.73584494666221
B0005,576,24.0,1.3077959946944353,1.8564874208181574,70.4446461650727
B0005,580,24.0,1.3030329186405918,1.8564874208181574,70.18808229071344
B0005,584,24.0,1.3033573559038205,1.8564874208181574,70.20555815721221
B0005,588,24.0,1.3034100438655642,1.8564874208181574,70.20839620292978
B0005,592,24.0,1.2978870806495706,1.8564874208181574,69.9109008817086
B0005,596,24.0,1.2980735056918902,1.8564874208181574,69.92094269724848
B0005,600,24.0,1.293463613844243,1.8564874208181574,69.67263011532883
B0005,604,24.0,1.288003392619118,1.8564874208181574,69.37851440175622
B0005,608,24.0,1.2874525221379407,1.8564874208181574,69.34884167276275
B0005,612,24.0,1.3090153642307354,1.8564874208181574,70.5103277055252
B0005,614,24.0,1.3250793286429356,1.8564874208181574,71.37561578838873
B0006,2,24.0,2.035337591005598,2.035337591005598,100.0
B0006,4,24.0,2.0251402460314116,2.035337591005598,99.49898508143073
B0006,6,24.0,2.013326371345464,2.035337591005598,98.91854698908898
B0006,8,24.0,2.0132846655407413,2.035337591005598,98.91649790372313
B0006,10,24.0,2.000528337624771,2.035337591005598,98.28975529491258
B0006,12,24.0,2.0138990759931645,2.035337591005598,98.9466850557287
B0006,14,24.0,2.013101105626967,2.035337591005598,98.907479256665
B0006,16,24.0,1.9687898262728398,2.035337591005598,96.73038197560734
B0006,18,24.0,1.9681661764334244,2.035337591005598,96.69974087497759
B0006,20,24.0,1.9572307917560536,2.035337591005598,96.16246466459876
B0006,22,24.0,1.9455991514129352,2.035337591005598,95.59098009149795
B0006,25,24.0,1.9347505044841131,2.035337591005598,95.05796547137973
B0006,27,24.0,1.9232799539368028,2.035337591005598,94.49439554578115
B0006,29,24.0,1.911889930948487,2.035337591005598,93.93478209204011
B0006,31,24.0,1.9010667141979305,2.035337591005598,93.40301690486008
B0006,33,24.0,1.8891989948061458,2.035337591005598,92.81993331989463
B0006,35,24.0,1.878278372248849,2.035337591005598,92.2833824005014
B0006,37,24.0,1.8675697161520206,2.035337591005598,91.75724579573611
B0006,39,24.0,1.8675892574453767,2.035337591005598,91.75820589657847
B0006,42,24.0,1.979626548250818,2.035337591005598,97.26281070025072
B0006,46,24.0,1.9575499080884022,2.035337591005598,96.17814345585967
B0006,50,24.0,1.9458150170787551,2.035337591005598,95.6015859814876
B0006,54,24.0,1.9242461121680094,2.035337591005598,94.5418647339628
B0006,58,24.0,1.9459811331421641,2.035337591005598,95.60974757905957
B0006,62,24.0,1.901407930553079,2.035337591005598,93.41978151219875
B0006,66,24.0,1.878674213680085,2.035337591005598,92.3028308415357
B0006,70,24.0,1.8683061328264219,2.035337591005598,91.79342734506018
B0006,74,24.0,1.8560244070082998,2.035337591005598,91.19000283836426
B0006,78,24.0,1.8451997961855777,2.035337591005598,90.65816915777205
B0006,82,24.0,1.857228890885317,2.035337591005598,91.24918141799353
B0006,86,24.0,1.9247760889090635,2.035337591005598,94.56790349742867
B0006,90,24.0,1.8822317526092551,2.035337591005598,92.47761948322794
B0006,94,24.0,1.855276687885587,2.035337591005598,91.15326597829659
B0006,98,24.0,1.8392508917181876,2.035337591005598,90.36588818710266
B0006,102,24.0,1.8185396073994429,2.035337591005598,89.34830346748316
B0006,106,24.0,1.8134770059567056,2.035337591005598,89.09956824708976
B0006,110,24.0,1.7971018450305436,2.035337591005598,88.29502550201761
B0006,114,24.0,1.7810046294120476,2.035337591005598,87.50413873759919
B0006,118,24.0,1.7710130422682329,2.035337591005598,87.01323309187394
B0006,122,24.0,1.7604712448170943,2.035337591005598,86.49529456915789
B0006,126,24.0,1.7502913788006587,2.035337591005598,85.9951384249673
B0006,130,24.0,1.7394925037732578,2.035337591005598,85.46456919285944
B0006,134,24.0,1.7546766553637203,2.035337591005598,86.21059538809914
B0006,136,24.0,1.7659390941842175,2.035337591005598,86.7639403894526
B0006,140,24.0,1.7337887419624838,2.035337591005598,85.18433254632082
B0006,144,24.0,1.713325912040734,2.035337591005598,84.17895486292434
B0006,148,24.0,1.7024077813673466,2.035337591005598,83.64252637451848
B0006,150,24.0,1.82371946178183,2.035337591005598,89.60279954741002
B0006,154,24.0,1.8081284050314708,2.035337591005598,88.83678132914206
B0006,158,24.0,1.7757610945034283,2.035337591005598,87.246513912519
B0006,162,24.0,1.7447409841836798,2.035337591005598,85.72243699983238
B0006,166,24.0,1.729207034132373,2.035337591005598,84.95922454210778
B0006,170,24.0,1.7081086552553244,2.035337591005598,83.92262113192731
B0006,174,24.0,1.6975954237461768,2.035337591005598,83.40608610817466
B0006,178,24.0,1.6820634524029463,2.035337591005598,82.64297086813447
B0006,182,24.0,1.6714768322295086,2.035337591005598,82.1228301199745
B0006,186,24.0,1.6607591387047655,2.035337591005598,81.59624948921793
B0006,190,24.0,1.651121015038069,2.035337591005598,81.12271017518528
B0006,194,24.0,1.6401349256190927,2.035337591005598,80.58294274458677
B0006,198,24.0,1.6291999416165441,2.035337591005598,80.04568622012265
B0006,202,24.0,1.6088496302961666,2.035337591005598,79.04583678923177
B0006,206,24.0,1.6035244898969248,2.035337591005598,78.78420253146665
B0006,210,24.0,1.5989712144027983,2.035337591005598,78.56049146190021
B0006,214,24.0,1.5876273123575604,2.035337591005598,78.0031440176547
B0006,216,24.0,1.5829719744686166,2.035337591005598,77.77441842886215
B0006,220,24.0,1.567137636713563,2.035337591005598,76.99644735295674
B0006,224,24.0,1.5613446139713882,2.035337591005598,76.71182514739364
B0006,228,24.0,1.5511711892790419,2.035337591005598,76.21198547768459
B0006,232,24.0,1.5406741606295171,2.035337591005598,75.69624653118686
B0006,236,24.0,1.5253138744624433,2.035337591005598,74.94156650980108
B0006,240,24.0,1.5301570318067428,2.035337591005598,75.17952002501654
B0006,244,24.0,1.5246566834474087,2.035337591005598,74.90927746753414
B0006,248,24.0,1.5145492986655427,2.035337591005598,74.4126824640059
B0006,252,24.0,1.509391504602082,2.035337591005598,74.15927024943012
B0006,256,24.0,1.5039974333050705,2.035337591005598,73.89424928579005
B0006,260,24.0,1.4935201918040188,2.035337591005598,73.37948251946334
B0006,264,24.0,1.4876323024497422,2.035337591005598,73.09019933714036
B0006,266,24.0,1.5302876214401704,2.035337591005598,75.18593614163545
B0006,270,24.0,1.5040760088360112,2.035337591005598,73.89810985080334
B0006,274,24.0,1.4887593608730894,2.035337591005598,73.14557385723607
B0006,278,24.0,1.4782779285546637,2.035337591005598,72.63060118809538
B0006,282,24.0,1.478459982215684,2.035337591005598,72.63954583009604
B0006,286,24.0,1.473214844899973,2.035337591005598,72.38184227571321
B0006,290,24.0,1.4675164935067897,2.035337591005598,72.10187145326269
B0006,294,24.0,1.4516292657521335,2.035337591005598,71.32130179126342
B0006,298,24.0,1.4519237720967177,2.035337591005598,71.33577144710263
B0006,302,24.0,1.4471484694777745,2.035337591005598,71.10115176336829
B0006,306,24.0,1.4468538105659885,2.035337591005598,71.08667461161282
B0006,310,24.0,1.4416741930284678,2.035337591005598,70.8321901683239
B0006,313,24.0,1.5935866593100128,2.035337591005598,78.2959380474406
B0006,316,24.0,1.5463902376915637,2.035337591005598,75.9770882494014
B0006,320,24.0,1.51470559175661,2.035337591005598,74.42036144029748
B0006,324,24.0,1.4989786083335404,2.035337591005598,73.64766488653811
B0006,328,24.0,1.4831110745410492,2.035337591005598,72.86806282628963
B0006,332,24.0,1.4729664825468278,2.035337591005598,72.36963976177928
B0006,336,24.0,1.4627604396099307,2.035337591005598,71.86819749578868
B0006,340,24.0,1.4518364681062514,2.035337591005598,71.33148203630158
B0006,344,24.0,1.4468670644030392,2.035337591005598,71.08732579778997
B0006,348,24.0,1.441380399427779,2.035337591005598,70.81775553094546
B0006,352,24.0,1.431210744960774,2.035337591005598,70.31810109956534
B0006,356,24.0,1.4260247179525716,2.035337591005598,70.06330174681324
B0006,360,24.0,1.420487649966195,2.035337591005598,69.79125508434085
B0006,364,24.0,1.4207006230355006,2.035337591005598,69.80171885557206
B0006,367,24.0,1.452255804330839,2.035337591005598,71.35208482113887
B0006,371,24.0,1.431557632772571,2.035337591005598,70.33514435633658
B0006,375,24.0,1.415015751158943,2.035337591005598,69.52241030736464
B0006,379,24.0,1.4097311506517451,2.035337591005598,69.26276785146193
B0006,383,24.0,1.404917318129309,2.035337591005598,69.02625512041874
B0006,387,24.0,1.395164296571563,2.035337591005598,68.54707065486149
B0006,391,24.0,1.3945343832614077,2.035337591005598,68.51612181802287
B0006,395,24.0,1.3893171179312644,2.035337591005598,68.25978766720687
B0006,399,24.0,1.3838379472327809,2.035337591005598,67.99058560840852
B0006,403,24.0,1.3736814238195123,2.035337591005598,67.4915763306282
B0006,407,24.0,1.3786059891863676,2.035337591005598,67.73352957654757
B0006,411,24.0,1.3737600299108574,2.035337591005598,67.49543839713218
B0006,415,24.0,1.3682580583942712,2.035337591005598,67.22511609085237
B0006,419,24.0,1.3633024037317505,2.035337591005598,66.98163536881292
B0006,423,24.0,1.3580966140172601,2.035337591005598,66.72586503678076
B0006,427,24.0,1.353269090999531,2.035337591005598,66.48867966571198
B0006,431,24.0,1.3841605738237488,2.035337591005598,68.00643686533974
B0006,433,24.0,1.4051467790651473,2.035337591005598,69.03752897183544
B0006,437,24.0,1.378719022627353,2.035337591005598,67.7390831241008
B0006,441,24.0,1.3682657783199066,2.035337591005598,67.22549538545536
B0006,445,24.0,1.3573151296618016,2.035337591005598,66.68746922672389
B0006,449,24.0,1.3524934638801596,2.035337591005598,66.45057163278422
B0006,453,24.0,1.3474099151661236,2.035337591005598,66.20080723318286
B0006,457,24.0,1.3370075130842318,2.035337591005598,65.6897174696045
B0006,461,24.0,1.3312352966718526,2.035337591005598,65.40611751852576
B0006,465,24.0,1.3259303781727643,2.035337591005598,65.14547680110712
B0006,469,24.0,1.321578743867529,2.035337591005598,64.93167274597319
B0006,473,24.0,1.321225074066109,2.035337591005598,64.91429627717592
B0006,477,24.0,1.3156485301862682,2.035337591005598,64.64031008911138
B0006,481,24.0,1.3209025697502388,2.035337591005598,64.8984510278524
B0006,483,24.0,1.3474328767273906,2.035337591005598,66.20193537828118
B0006,485,24.0,1.3260128072353616,2.035337591005598,65.14952669744675
B0006,489,24.0,1.3101186784831063,2.035337591005598,64.36861797633368
B0006,493,24.0,1.30521620229393,2.035337591005598,64.12775001365068
B0006,497,24.0,1.3004061951355774,2.035337591005598,63.89142523000749
B0006,501,24.0,1.300235735841116,2.035337591005598,63.88305024124815
B0006,505,24.0,1.2895066722480755,2.035337591005598,63.35591097744968
B0006,509,24.0,1.279253057384795,2.035337591005598,62.85213141239902
B0006,513,24.0,1.2792078171714618,2.035337591005598,62.84990867482796
B0006,517,24.0,1.274036760902923,2.035337591005598,62.59584486293798
B0006,521,24.0,1.2741273923001468,2.035337591005598,62.600297755550194
B0006,525,24.0,1.2637639426440779,2.035337591005598,62.09112179860495
B0006,529,24.0,1.2581373688955233,2.035337591005598,61.8146775481072
B0006,533,24.0,1.253259864055301,2.035337591005598,61.57503647520722
B0006,537,24.0,1.2532313315493426,2.035337591005598,61.573634619019614
B0006,541,24.0,1.2480874960313577,2.035337591005598,61.3209082142838
B0006,545,24.0,1.2534354284944844,2.035337591005598,61.58366228941904
B0006,548,24.0,1.2898048773266901,2.035337591005598,63.37056235911395
B0006,552,24.0,1.2635402021758835,2.035337591005598,62.0801290046241
B0006,556,24.0,1.2479761706842853,2.035337591005598,61.31543858862738
B0006,560,24.0,1.2321202877943334,2.035337591005598,60.53640895934027
B0006,564,24.0,1.2271137666213534,2.035337591005598,60.290429069070264
B0006,568,24.0,1.2217397581377356,2.035337591005598,60.02639382954212
B0006,572,24.0,1.211102678915174,2.035337591005598,59.50377393250057
B0006,576,24.0,1.2056159765131735,2.035337591005598,59.23420182680926
B0006,580,24.0,1.2008936262717274,2.035337591005598,59.002183793913154
B0006,584,24.0,1.1905903985558335,2.035337591005598,58.495966655222006
B0006,588,24.0,1.185179251041941,2.035337591005598,58.23010670462684
B0006,592,24.0,1.1796706818144624,2.035337591005598,57.95946024028492
B0006,596,24.0,1.1745952836753915,2.035337591005598,57.71009629390571
B0006,600,24.0,1.15381833159625,2.035337591005598,56.689285192545555
B0006,604,24.0,1.1644009557372264,2.035337591005598,57.20922960804411
B0006,608,24.0,1.1587974947916069,2.035337591005598,56.933920933434955
B0006,612,24.0,1.1749748834769171,2.035337591005598,57.72874675283711
B0006,614,24.0,1.1856752327929356,2.035337591005598,58.254475229690506
B0007,2,24.0,1.89105229539079,1.89105229539079,100.0
B0007,4,24.0,1.880637027686859,1.89105229539079,99.44923428456647
B0007,6,24.0,1.8806626717011388,1.89105229539079,99.45059035569906
B0007,8,24.0,1.8807709009833444,1.89105229539079,99.45631358622364
B0007,10,24.0,1.8794508728285058,1.89105229539079,99.38650969142624
B0007,12,24.0,1.8807003517117404,1.89105229539079,99.45258289766596
B0007,14,24.0,1.8799352523566075,1.89105229539079,99.41212397661985
B0007,16,24.0,1.8815088124038797,1.89105229539079,99.49533479268811
B0007,18,24.0,1.8696907870385844,1.89105229539079,98.87039039563994
B0007,20,24.0,1.870052380139199,1.89105229539079,98.88951165957833
B0007,22,24.0,1.8700442394188577,1.89105229539079,98.88908117331621
B0007,25,24.0,1.8596518987766364,1.89105229539079,98.33952785490447
B0007,27,24.0,1.8590746560862206,1.89105229539079,98.30900290898825
B0007,29,24.0,1.8590084577709232,1.89105229539079,98.30550230165662
B0007,31,24.0,1.8593622586957048,1.89105229539079,98.32421151057929
B0007,33,24.0,1.8587355450601035,1.89105229539079,98.29107051087615
B0007,35,24.0,1.847817291322145,1.89105229539079,97.7137065868551
B0007,37,24.0,1.8485252916137047,1.89105229539079,97.75114607455649
B0007,39,24.0,1.848378951850034,1.89105229539079,97.74340753850292
B0007,42,24.0,1.8807805437609766,1.89105229539079,99.45682350219242
B0007,46,24.0,1.8814721597443598,1.89105229539079,99.49339657767368
B0007,50,24.0,1.8810954313244785,1.89105229539079,99.4734749488113
B0007,54,24.0,1.8710089649779995,1.89105229539079,98.94009644991608
B0007,58,24.0,1.8701995151941375,1.89105229539079,98.89729225111972
B0007,62,24.0,1.8706715362800985,1.89105229539079,98.92225301434723
B0007,66,24.0,1.8596124644020169,1.89105229539079,98.33744254109715
B0007,70,24.0,1.860033909718346,1.89105229539079,98.35972882674649
B0007,74,24.0,1.8591653109160768,1.89105229539079,98.31379679174215
B0007,78,24.0,1.8481398178778288,1.89105229539079,97.73076198804469
B0007,82,24.0,1.849201702126164,1.89105229539079,97.78691507545129
B0007,86,24.0,1.8834677437950846,1.89105229539079,99.59892428071969
B0007,90,24.0,1.8628211117905844,1.89105229539079,98.50711777410832
B0007,94,24.0,1.852085039652352,1.89105229539079,97.93938772431541
B0007,98,24.0,1.8469504648208708,1.89105229539079,97.66786827220949
B0007,102,24.0,1.836828431169018,1.89105229539079,97.13260895248978
B0007,106,24.0,1.8371619619672275,1.89105229539079,97.15024626474299
B0007,110,24.0,1.8316722583718854,1.89105229539079,96.85994738677316
B0007,114,24.0,1.8211470951317783,1.89105229539079,96.30337032828774
B0007,118,24.0,1.816506091511515,1.89105229539079,96.0579512231908
B0007,122,24.0,1.8113815601504555,1.89105229539079,95.78696287593303
B0007,126,24.0,1.8116056333939583,1.89105229539079,95.79881200586186
B0007,130,24.0,1.8060548955557403,1.89105229539079,95.50528559986307
B0007,134,24.0,1.8132041826994056,1.89105229539079,95.8833442691601
B0007,136,24.0,1.8062641938283535,1.89105229539079,95.5163534203101
B0007,140,24.0,1.7958310249900458,1.89105229539079,94.96464108196085
B0007,144,24.0,1.7858852600390451,1.89105229539079,94.43870295876657
B0007,148,24.0,1.7803268604502753,1.89105229539079,94.14477139472058
B0007,150,24.0,1.8150756899575577,1.89105229539079,95.9823107156573
B0007,154,24.0,1.8157025154845838,1.89105229539079,96.01545763224729
B0007,158,24.0,1.8002432178056673,1.89105229539079,95.19796053200334
B0007,162,24.0,1.7904476205609308,1.89105229539079,94.67996336880418
B0007,166,24.0,1.780343032300132,1.89105229539079,94.14562657201503
B0007,170,24.0,1.775328769596812,1.89105229539079,93.88046929870528
B0007,174,24.0,1.7702629734732853,1.89105229539079,93.61258690667022
B0007,178,24.0,1.760081061854204,1.89105229539079,93.07416120348377
B0007,182,24.0,1.749647593537689,1.89105229539079,92.52243302854406
B0007,186,24.0,1.749650075059311,1.89105229539079,92.52256425292258
B0007,190,24.0,1.745028739214683,1.89105229539079,92.2781851918098
B0007,194,24.0,1.7396457455286727,1.89105229539079,91.9935291989993
B0007,198,24.0,1.7285642277717963,1.89105229539079,91.40753177397374
B0007,202,24.0,1.723900324588418,1.89105229539079,91.16090172599749
B0007,206,24.0,1.7139788776485192,1.89105229539079,90.63624955407813
B0007,210,24.0,1.7139701997004613,1.89105229539079,90.63579065888634
B0007,214,24.0,1.7036521173638766,1.89105229539079,90.09016416501656
B0007,216,24.0,1.7040137474382486,1.89105229539079,90.10928738414982
B0007,220,24.0,1.6935716157343033,1.89105229539079,89.55710108399319
B0007,224,24.0,1.6876577363877656,1.89105229539079,89.24437153331117
B0007,228,24.0,1.6830744356583152,1.89105229539079,89.00200379231205
B0007,232,24.0,1.6779270142025482,1.89105229539079,88.72980500287017
B0007,236,24.0,1.6732060275966172,1.89105229539079,88.4801563486559
B0007,240,24.0,1.6674367208253988,1.89105229539079,88.17507188402843
B0007,244,24.0,1.6622662630667526,1.89105229539079,87.90165492082501
B0007,248,24.0,1.6574243065763063,1.89105229539079,87.645609305257
B0007,252,24.0,1.652538684928734,1.89105229539079,87.38725464951953
B0007,256,24.0,1.6472174627573322,1.89105229539079,87.10586517211738
B0007,260,24.0,1.6364136810898071,1.89105229539079,86.53455460107405
B0007,264,24.0,1.6362554312048496,1.89105229539079,86.52618625053486
B0007,266,24.0,1.641119179218384,1.89105229539079,86.78338421514901
B0007,270,24.0,1.6315700789656966,1.89105229539079,86.27842196339309
B0007,274,24.0,1.621213282987236,1.89105229539079,85.73074826850355
B0007,278,24.0,1.6164273214762122,1.89105229539079,85.47766370163623
B0007,282,24.0,1.615823510161921,1.89105229539079,85.44573379066746
B0007,286,24.0,1.61672418029789,1.89105229539079,85.49336177737963
B0007,290,24.0,1.6108655863730026,1.89105229539079,85.1835557535501
B0007,294,24.0,1.6006603374309376,1.89105229539079,84.64389595847521
B0007,298,24.0,1.5959174487005663,1.89105229539079,84.39308910654776
B0007,302,24.0,1.5962179519462243,1.89105229539079,84.40897990165642
B0007,306,24.0,1.5958065114633972,1.89105229539079,84.38722267771132
B0007,310,24.0,1.5906507821480704,1.89105229539079,84.11458456358338
B0007,313,24.0,1.6888211161855506,1.89105229539079,89.3058917673428
B0007,316,24.0,1.6259938279733204,1.89105229539079,85.98354640622486
B0007,320,24.0,1.6157433862812898,1.89105229539079,85.44149679093846
B0007,324,24.0,1.6056626764846538,1.89105229539079,84.90842270191371
B0007,328,24.0,1.5949746921524348,1.89105229539079,84.34323556466374
B0007,332,24.0,1.5904102438871945,1.89105229539079,84.10186475348281
B0007,336,24.0,1.5853517062988178,1.89105229539079,83.83436619721833
B0007,340,24.0,1.5799737147242376,1.89105229539079,83.5499747191144
B0007,344,24.0,1.5752185465278068,1.89105229539079,83.29851852152426
B0007,348,24.0,1.569798484648868,1.89105229539079,83.01190234003897
B0007,352,24.0,1.5702565375950357,1.89105229539079,83.0361244595057
B0007,356,24.0,1.565249873909438,1.89105229539079,82.77136902689281
B0007,360,24.0,1.559633933561147,1.89105229539079,82.4743946723507
B0007,364,24.0,1.5649820533392105,1.89105229539079,82.75720651161599
B0007,367,24.0,1.57497949984227,1.89105229539079,83.28587758683834
B0007,371,24.0,1.5652811168780458,1.89105229539079,82.77302117414882
B0007,375,24.0,1.559755497470126,1.89105229539079,82.48082304608076
B0007,379,24.0,1.549897685670499,1.89105229539079,81.95953593923268
B0007,383,24.0,1.5438771531345021,1.89105229539079,81.64116650277282
B0007,387,24.0,1.5450187488690073,1.89105229539079,81.70153478223752
B0007,391,24.0,1.5445940154102908,1.89105229539079,81.6790746176111
B0007,395,24.0,1.5343086721758876,1.89105229539079,81.13517938745419
B0007,399,24.0,1.5287603942958483,1.89105229539079,80.84178306554588
B0007,403,24.0,1.5289260249179843,1.89105229539079,80.85054171397351
B0007,407,24.0,1.529091650133123,1.89105229539079,80.85930007647583
B0007,411,24.0,1.5239059324661248,1.89105229539079,80.5850761600015
B0007,415,24.0,1.5186675419100615,1.89105229539079,80.30806686899294
B0007,419,24.0,1.5136482266426952,1.89105229539079,80.04264241301145
B0007,423,24.0,1.5136050185229033,1.89105229539079,80.04035754125528
B0007,427,24.0,1.5139470614867965,1.89105229539079,80.05844498202711
B0007,431,24.0,1.5339599193158786,1.89105229539079,81.1167371232789
B0007,433,24.0,1.5391372798653098,1.89105229539079,81.39051911027366
B0007,437,24.0,1.5236247972838737,1.89105229539079,80.57020955991136
B0007,441,24.0,1.5135813035589147,1.89105229539079,80.03910347947992
B0007,445,24.0,1.5077850749847914,1.89105229539079,79.7325953734772
B0007,449,24.0,1.5031960676037333,1.89105229539079,79.48992586125676
B0007,453,24.0,1.4978220596995881,1.89105229539079,79.20574504207775
B0007,457,24.0,1.492848534633516,1.89105229539079,78.94274199989883
B0007,461,24.0,1.492414389867026,1.89105229539079,78.91978415957107
B0007,465,24.0,1.487482776538081,1.89105229539079,78.65899743564148
B0007,469,24.0,1.482535148640411,1.89105229539079,78.39736385153971
B0007,473,24.0,1.4827874322228984,1.89105229539079,78.41070476141842
B0007,477,24.0,1.476971179775059,1.89105229539079,78.10313778074762
B0007,481,24.0,1.4819015554137276,1.89105229539079,78.36385905485969
B0007,483,24.0,1.4981366198874824,1.89105229539079,79.2223791768746
B0007,485,24.0,1.4820775214392872,1.89105229539079,78.37316424573085
B0007,489,24.0,1.4771155312812152,1.89105229539079,78.11077117652985
B0007,493,24.0,1.4720772783056488,1.89105229539079,77.84434528297595
B0007,497,24.0,1.472248013656454,1.89105229539079,77.85337387257239
B0007,501,24.0,1.4670106672274665,1.89105229539079,77.57641979564112
B0007,505,24.0,1.4617672495335379,1.89105229539079,77.2991446665128
B0007,509,24.0,1.4566952670489708,1.89105229539079,77.03093513592873
B0007,513,24.0,1.451354972758956,1.89105229539079,76.74853711324945
B0007,517,24.0,1.451615926257375,1.89105229539079,76.76233649357621
B0007,521,24.0,1.4468161332173683,1.89105229539079,76.50852050701118
B0007,525,24.0,1.4467570607768785,1.89105229539079,76.50539672029024
B0007,529,24.0,1.4413797481446793,1.89105229539079,76.22104114507394
B0007,533,24.0,1.4362456252208178,1.89105229539079,75.94954559011889
B0007,537,24.0,1.4368154153924828,1.89105229539079,75.9796764422933
B0007,541,24.0,1.4362945145860047,1.89105229539079,75.95213088960034
B0007,545,24.0,1.4418575315878015,1.89105229539079,76.24630662526647
B0007,548,24.0,1.4672063484781797,1.89105229539079,77.58676753965592
B0007,552,24.0,1.4518640367848885,1.89105229539079,76.77545672975997
B0007,556,24.0,1.4471379752748499,1.89105229539079,76.52553971151791
B0007,560,24.0,1.441790586562399,1.89105229539079,76.24276653144855
B0007,564,24.0,1.431630947911111,1.89105229539079,75.70551863639822
B0007,568,24.0,1.4318084249673686,1.89105229539079,75.71490373149528
B0007,572,24.0,1.4262562585106868,1.89105229539079,75.42130177927987
B0007,576,24.0,1.4260877528924913,1.89105229539079,75.41239109930522
B0007,580,24.0,1.4212633510031694,1.89105229539079,75.157273781763
B0007,584,24.0,1.4163272748795108,1.89105229539079,74.89625106252409
B0007,588,24.0,1.4165781829175994,1.89105229539079,74.90951923277514
B0007,592,24.0,1.4108401729425177,1.89105229539079,74.60608976183626
B0007,596,24.0,1.4109949628347804,1.89105229539079,74.61427514584918
B0007,600,24.0,1.4061714290398801,1.89105229539079,74.35920373366997
B0007,604,24.0,1.4063358479692922,1.89105229539079,74.36789830704656
B0007,608,24.0,1.4004552399066514,1.89105229539079,74.05692816217145
B0007,612,24.0,1.4217865046055154,1.89105229539079,75.18493846367691
B0007,614,24.0,1.4324552720625434,1.89105229539079,75.74910940083355
B0018,3,24.0,1.8550045207910817,1.8550045207910817,100.0
B0018,7,24.0,1.8431955317089987,1.8550045207910817,99.3633983664338
B0018,11,24.0,1.8396018424355423,1.8550045207910817,99.16966895859797
B0018,15,24.0,1.8306736044962053,1.8550045207910817,98.68836350412234
B0018,18,24.0,1.8327002069419656,1.8550045207910817,98.79761404357093
B0018,20,24.0,1.8285288846046388,1.8550045207910817,98.57274546289774
B0018,22,24.0,1.8212011895697924,1.8550045207910817,98.17772243450524
B0018,24,24.0,1.8151700106433282,1.8550045207910817,97.85259228744275
B0018,27,24.0,1.8042980520967649,1.8550045207910817,97.26650430627024
B0018,30,24.0,1.8231002302844226,1.8550045207910817,98.28009634752517
B0018,32,24.0,1.8121253520255494,1.8550045207910817,97.68846014740458
B0018,34,24.0,1.8046916382117766,1.8550045207910817,97.28772183488542
B0018,36,24.0,1.790844349786295,1.8550045207910817,96.54123910288773
B0018,39,24.0,1.783470722841926,1.8550045207910817,96.14373996680884
B0018,42,24.0,1.7809386125310702,1.8550045207910817,96.00723839592447
B0018,44,24.0,1.771209039672698,1.8550045207910817,95.4827343988009
B0018,46,24.0,1.7686303996707076,1.8550045207910817,95.34372449488482
B0018,48,24.0,1.7536304801917124,1.8550045207910817,94.5351054693852
B0018,51,24.0,1.7462197416415093,1.8550045207910817,94.13560571253055
B0018,54,24.0,1.7376647337053737,1.8550045207910817,93.67442042482638
B0018,56,24.0,1.7315166735475835,1.8550045207910817,93.3429894181155
B0018,58,24.0,1.7085949894470602,1.8550045207910817,92.10732212762565
B0018,60,24.0,1.711469957068211,1.8550045207910817,92.26230652733616
B0018,63,24.0,1.7075021373272627,1.8550045207910817,92.04840841029782
B0018,66,24.0,1.7492382064360228,1.8550045207910817,94.29832579006579
B0018,68,24.0,1.7327697147429955,1.8550045207910817,93.4105386440806
B0018,70,24.0,1.7222313328292376,1.8550045207910817,92.84243318688938
B0018,72,24.0,1.711846298984729,1.8550045207910817,92.28259445182906
B0018,75,24.0,1.699267835126687,1.8550045207910817,91.6045117993578
B0018,78,24.0,1.6940366439243106,1.8550045207910817,91.32250757005568
B0018,80,24.0,1.6819027078768087,1.8550045207910817,90.66838862255429
B0018,82,24.0,1.6769770618433686,1.8550045207910817,90.40285579078848
B0018,84,24.0,1.6655229306478936,1.8550045207910817,89.78538391580942
B0018,87,24.0,1.6571924575832084,1.8550045207910817,89.33630290434469
B0018,90,24.0,1.6482241555294048,1.8550045207910817,88.85283766459536
B0018,92,24.0,1.6387701497987262,1.8550045207910817,88.34318900203323
B0018,94,24.0,1.6276486907262062,1.8550045207910817,87.74365089051547
B0018,96,24.0,1.62215370227252,1.8550045207910817,87.44742581978934
B0018,99,24.0,1.6140066510467586,1.8550045207910817,87.00823275398015
B0018,102,24.0,1.6760516154424623,1.8550045207910817,90.3529666185232
B0018,104,24.0,1.649300642552199,1.8550045207910817,88.91086916860135
B0018,106,24.0,1.63238299185809,1.8550045207910817,87.99886865838727
B0018,108,24.0,1.6164159719025777,1.8550045207910817,87.13811496336645
B0018,111,24.0,1.6109028378249377,1.8550045207910817,86.84091169427205
B0018,114,24.0,1.5954638693695657,1.8550045207910817,86.00862431802415
B0018,117,24.0,1.726707440085764,1.8550045207910817,93.0837321813855
B0018,119,24.0,1.7165673917429753,1.8550045207910817,92.53710017973063
B0018,121,24.0,1.6958235570934848,1.8550045207910817,91.4188368861919
B0018,123,24.0,1.6777783190792557,1.8550045207910817,90.44605014567585
B0018,125,24.0,1.6606586897774192,1.8550045207910817,89.5231613273491
B0018,128,24.0,1.6664109274827466,1.8550045207910817,89.83325424846362
B0018,130,24.0,1.6468336174407805,1.8550045207910817,88.77787622525443
B0018,132,24.0,1.6257639928779952,1.8550045207910817,87.64205017595725
B0018,134,24.0,1.6121577411874595,1.8550045207910817,86.90856130635962
B0018,136,24.0,1.6057366823755344,1.8550045207910817,86.56241342693627
B0018,141,24.0,1.673645314879889,1.8550045207910817,90.223247227783
B0018,143,24.0,1.6404348572349936,1.8550045207910817,88.43293042409496
B0018,145,24.0,1.6132653317422077,1.8550045207910817,86.96826954654632
B0018,147,24.0,1.5920964324686278,1.8550045207910817,85.82709177386076
B0018,150,24.0,1.5866011820698824,1.8550045207910817,85.5308525821416
B0018,153,24.0,1.5800766490336253,1.8550045207910817,85.1791265910117
B0018,155,24.0,1.5641732953289167,1.8550045207910817,84.32180503052695
B0018,157,24.0,1.555618272193922,1.8550045207910817,83.86061892347928
B0018,159,24.0,1.5402045278637397,1.8550045207910817,83.02969133503282
B0018,162,24.0,1.5321613015959863,1.8550045207910817,82.59609528835993
B0018,165,24.0,1.5316232403693415,1.8550045207910817,82.56708936300427
B0018,167,24.0,1.5222595950771978,1.8550045207910817,82.06231187124104
B0018,169,24.0,1.5065267126851283,1.8550045207910817,81.21418011653458
B0018,171,24.0,1.5014219556532926,1.8550045207910817,80.93899172887186
B0018,174,24.0,1.4963534117486457,1.8550045207910817,80.66575552659644
B0018,177,24.0,1.5334262000312422,1.8550045207910817,82.6642837170715
B0018,179,24.0,1.523845267514426,1.8550045207910817,82.14779265683784
B0018,181,24.0,1.5011920994261239,1.8550045207910817,80.92660058779416
B0018,183,24.0,1.492417671450291,1.8550045207910817,80.45358675534857
B0018,185,24.0,1.483323851940123,1.8550045207910817,79.9633550923934
B0018,188,24.0,1.4807376792294196,1.8550045207910817,79.82393911352555
B0018,190,24.0,1.4735077809902477,1.8550045207910817,79.4341881367415
B0018,192,24.0,1.46801928526661,1.8550045207910817,79.1383130775639
B0018,194,24.0,1.4580923557119019,1.8550045207910817,78.60316993136419
B0018,197,24.0,1.4478660988891399,1.8550045207910817,78.05189058362433
B0018,200,24.0,1.4527808777541982,1.8550045207910817,78.31683758563824
B0018,202,24.0,1.4425356364492432,1.8550045207910817,77.76453481817188
B0018,204,24.0,1.4392712877203313,1.8550045207910817,77.58855957432074
B0018,206,24.0,1.4286475681888218,1.8550045207910817,77.01585371768061
B0018,209,24.0,1.4249026750004896,1.8550045207910817,76.81397317526904
B0018,212,24.0,1.4698115324524124,1.8550045207910817,79.23492994106556
B0018,214,24.0,1.4525819651050202,1.8550045207910817,78.30611455790711
B0018,216,24.0,1.442834198908794,1.8550045207910817,77.78062979024362
B0018,218,24.0,1.428376058807949,1.8550045207910817,77.0012171290454
B0018,220,24.0,1.4154547844370715,1.8550045207910817,76.30465417051595
B0018,223,24.0,1.454576670077708,1.8550045207910817,78.41364556121901
B0018,225,24.0,1.4283179548274056,1.8550045207910817,76.99808484662279
B0018,227,24.0,1.4197026883204058,1.8550045207910817,76.53365112635747
B0018,229,24.0,1.4155606630306516,1.8550045207910817,76.31036189749955
B0018,232,24.0,1.405680035419228,1.8550045207910817,75.77771480684933
B0018,235,24.0,1.4084461071166137,1.8550045207910817,75.92682882066349
B0018,237,24.0,1.3968547782872414,1.8550045207910817,75.30196086484692
B0018,239,24.0,1.3935670371440676,1.8550045207910817,75.12472457747809
B0018,241,24.0,1.3893644292809475,1.8550045207910817,74.89816944965945
B0018,244,24.0,1.3785651415666713,1.8550045207910817,74.31599902402239
B0018,247,24.0,1.384901110085747,1.8550045207910817,74.65755983684312
B0018,249,24.0,1.3703251814242443,1.8550045207910817,73.87179740348331
B0018,251,24.0,1.3733464385229082,1.8550045207910817,74.03466800917732
B0018,253,24.0,1.3679487285504814,1.8550045207910817,73.7436870486498
B0018,256,24.0,1.3567141087089647,1.8550045207910817,73.13804864100184
B0018,259,24.0,1.4604310209194575,1.8550045207910817,78.72924322020762
B0018,261,24.0,1.4500998937104097,1.8550045207910817,78.17231049614925
B0018,263,24.0,1.4381406901824496,1.8550045207910817,77.52761106852412
B0018,265,24.0,1.4283681980964316,1.8550045207910817,77.00079337204485
B0018,267,24.0,1.4147874517552432,1.8550045207910817,76.26867945054364
B0018,270,24.0,1.413889163393182,1.8550045207910817,76.22025431993113
B0018,272,24.0,1.3989331662177225,1.8550045207910817,75.41400306782735
B0018,274,24.0,1.3953322584033976,1.8550045207910817,75.21988452127043
B0018,276,24.0,1.390046129540245,1.8550045207910817,74.93491870022228
B0018,279,24.0,1.3860271454209647,1.8550045207910817,74.7182624023947
B0018,282,24.0,1.388215260193751,1.8550045207910817,74.83621978461461
B0018,284,24.0,1.3761826562394497,1.8550045207910817,74.18756347033406
B0018,286,24.0,1.3647168898640165,1.8550045207910817,73.56946436346267
B0018,288,24.0,1.3589854739373584,1.8550045207910817,73.2604939074654
B0018,291,24.0,1.3462308764008801,1.8550045207910817,72.57291620112974
B0018,294,24.0,1.4268427818454643,1.8550045207910817,76.91856089045949
B0018,296,24.0,1.4064481483279663,1.8550045207910817,75.81912240991063
B0018,298,24.0,1.3934907492075153,1.8550045207910817,75.12061203027417
B0018,300,24.0,1.3882493512249316,1.8550045207910817,74.83805757157408
B0018,302,24.0,1.3701878338420928,1.8550045207910817,73.86439323920165
B0018,305,24.0,1.3796951665608619,1.8550045207910817,74.3769166650052
B0018,307,24.0,1.3686586323935683,1.8550045207910817,73.78195670433692
B0018,309,24.0,1.3627371779096438,1.8550045207910817,73.46274160714678
B0018,311,24.0,1.3634051133928073,1.8550045207910817,73.49874882306875
B0018,314,24.0,1.3518646035305233,1.8550045207910817,72.87662042753458
B0018,317,24.0,1.3547969729652622,1.8550045207910817,73.03469925709389
B0018,319,24.0,1.341051440640485,1.8550045207910817,72.29370201580872
